K,coherence_cv,log_perplexity_test
2,0.24144055998211839,-5.729350459289914
3,0.21578643897304495,-5.982389986172631
4,0.24845446026540718,-6.233872384570914
5,0.2662227082309561,-6.448764828047588
6,0.2563868396583216,-6.611130114164863
7,0.2934529434247061,-6.782616988796007
8,0.2950649107883309,-6.937248711168398
