topic,valid_docs,avg_prob,avg_overlap
7,133,0.7114247,2.398496240601504
3,127,0.6901116,2.322834645669291
0,93,0.70861506,2.6344086021505375
2,88,0.73492754,2.4318181818181817
5,88,0.7019834,2.3863636363636362
6,84,0.698772,2.4523809523809526
4,60,0.71372503,2.216666666666667
1,42,0.6677232,2.0952380952380953
