topic,valid_docs,avg_prob,avg_overlap
2,53,0.66511774,2.2452830188679247
6,39,0.71417254,2.2564102564102564
5,33,0.73432565,2.3636363636363638
0,27,0.71626574,2.259259259259259
3,22,0.68660146,2.4545454545454546
4,21,0.71487105,2.2857142857142856
1,16,0.7155947,2.3125
