K,coherence_cv,log_perplexity_test
2,0.4255013756379497,-4.6204075115674375
3,0.49082391212139226,-4.9397373623891
4,0.48392595920484666,-5.200896909516568
5,0.5035020953280728,-5.392757118160156
6,0.4947593286117824,-5.715386033249362
7,0.5177847372754147,-5.933699100400983
8,0.4909575183164752,-5.860862493029177
